,#,Name,Positive,Negative,Rating,Positive.1
0,1.0,Counter-Strike: Global Offensive,4164326,574077,87.51%,87.88%
1,2.0,Dota 2,1153963,209989,84.11%,84.60%
2,3.0,PLAYERUNKNOWN'S BATTLEGROUNDS,835143,713614,53.87%,53.92%
3,4.0,Grand Theft Auto V,753802,183417,79.94%,80.43%
4,5.0,Tom Clancy's Rainbow Six Siege,660205,91423,87.19%,87.84%
5,6.0,Team Fortress 2,659334,41786,93.27%,94.04%
6,7.0,Garry's Mod,579984,21647,95.56%,96.40%
7,8.0,Terraria,574168,12743,96.95%,97.83%
8,9.0,Rocket League,408607,42431,89.79%,90.59%
9,10.0,The Witcher 3: Wild Hunt,404281,7949,97.09%,98.07%
10,11.0,Rust,401953,75521,83.52%,84.18%
11,12.0,PAYDAY 2,398595,58978,86.38%,87.11%
12,13.0,Left 4 Dead 2,373064,10984,96.16%,97.14%
13,14.0,Unturned,362437,35763,90.17%,91.02%
14,15.0,Warframe,347290,34951,90.00%,90.86%
15,16.0,Euro Truck Simulator 2,329610,8833,96.36%,97.39%
16,17.0,Dead by Daylight,294136,67453,80.68%,81.35%
17,18.0,ARK: Survival Evolved,280058,81737,76.83%,77.41%
18,19.0,The Elder Scrolls V: Skyrim,272921,15420,93.64%,94.65%
19,20.0,Stardew Valley,261340,6322,96.53%,97.64%
20,21.0,Paladins,237773,40185,84.73%,85.54%
21,22.0,Destiny 2,237269,35723,86.06%,86.91%
22,23.0,Monster Hunter: World,220111,44739,82.34%,83.11%
23,24.0,Borderlands 2,218423,15554,92.30%,93.35%
24,25.0,Portal 2,208003,2610,97.54%,98.76%
25,26.0,Don't Starve Together,198574,7613,95.14%,96.31%
26,27.0,DARK SOULS™ III,193149,13926,92.19%,93.27%
27,28.0,The Forest,191350,11874,93.04%,94.16%
28,29.0,Dying Light,177417,9989,93.51%,94.67%
29,30.0,Fallout 4,163473,49001,76.27%,76.94%
30,31.0,Tomb Raider,162248,6296,95.03%,96.26%
31,32.0,Counter-Strike,161057,4232,96.17%,97.44%
32,33.0,Sid Meier's Civilization V,159606,6432,94.89%,96.13%
33,34.0,DayZ,156520,84944,64.47%,64.82%
34,35.0,Arma 3,151718,16255,89.24%,90.32%
35,36.0,Fall Guys,150514,38825,78.73%,79.49%
36,37.0,Brawlhalla,145630,26181,83.84%,84.76%
37,38.0,War Thunder,138898,33896,79.58%,80.38%
38,39.0,Life is Strange™,136365,5223,95.01%,96.31%
39,40.0,Doki Doki Literature Club,136103,4425,95.53%,96.85%
40,41.0,Starbound,134065,9865,91.94%,93.15%
41,42.0,Subnautica,132371,6121,94.29%,95.58%
42,43.0,Path of Exile,130914,9448,92.05%,93.27%
43,44.0,Undertale,127423,5001,94.90%,96.22%
44,45.0,Cities: Skylines,121979,9837,91.31%,92.54%
45,46.0,DOOM,121958,6720,93.48%,94.78%
46,47.0,Z1 Battle Royale,114829,93679,54.94%,55.07%
47,48.0,7 Days to Die,114447,20676,83.71%,84.70%
48,49.0,Mount & Blade: Warband,114332,2748,96.23%,97.65%
49,50.0,Mount & Blade II: Bannerlord,113269,17070,85.84%,86.90%
50,51.0,The Binding of Isaac: Rebirth,110624,2184,96.62%,98.06%
51,52.0,Insurgency,108090,10150,90.19%,91.42%
52,53.0,The Elder Scrolls V: Skyrim Special Edition,108078,15798,86.16%,87.25%
53,54.0,No Man's Sky,107198,57042,64.86%,65.27%
54,55.0,Hollow Knight,106709,3700,95.23%,96.65%
55,56.0,Counter-Strike: Source,106410,4401,94.63%,96.03%
56,57.0,Risk of Rain 2,104530,4524,94.46%,95.85%
57,58.0,Half-Life 2,104215,3003,95.75%,97.20%
58,59.0,Sid Meier's Civilization VI,103252,23429,80.59%,81.51%
59,60.0,Human: Fall Flat,100281,6390,92.66%,94.01%
60,61.0,Fallout: New Vegas,100115,3995,94.74%,96.16%
61,62.0,BioShock Infinite,97202,4790,93.90%,95.30%
62,63.0,Halo: The Master Chief Collection,96868,8981,90.24%,91.52%
63,64.0,Divinity: Original Sin 2,95608,3949,94.59%,96.03%
64,65.0,Sekiro™: Shadows Die Twice,95350,5773,92.91%,94.29%
65,66.0,Hearts of Iron IV,89378,8587,89.94%,91.23%
66,67.0,Geometry Dash,87926,4910,93.28%,94.71%
67,68.0,Factorio,87833,1081,97.20%,98.78%
68,69.0,Robocraft,84608,32032,71.87%,72.54%
69,70.0,Killing Floor 2,83142,11627,86.53%,87.73%
70,71.0,Red Dead Redemption 2,82914,23259,77.23%,78.09%
71,72.0,Space Engineers,82247,11222,86.78%,87.99%
72,73.0,Heroes & Generals,82226,40106,66.71%,67.22%
73,74.0,RimWorld,82061,1448,96.67%,98.27%
74,75.0,Age of Empires II (2013),79107,3803,93.91%,95.41%
75,76.0,Rise of the Tomb Raider,78442,5321,92.21%,93.65%
76,77.0,Don't Starve,77834,2554,95.26%,96.82%
77,78.0,Slay the Spire,75761,1685,96.21%,97.82%
78,79.0,Portal,74290,1319,96.62%,98.26%
79,80.0,Kerbal Space Program,74174,5077,92.13%,93.59%
80,81.0,Resident Evil 2,73528,2046,95.68%,97.29%
81,82.0,Stellaris,73282,12366,84.40%,85.56%
82,83.0,Darkest Dungeon®,70939,7996,88.53%,89.87%
83,84.0,Dota Underlords,70699,13703,82.65%,83.76%
84,85.0,Assassin's Creed Odyssey,70106,9558,86.73%,88.00%
85,86.0,Europa Universalis IV,68771,10285,85.75%,86.99%
86,87.0,Ring of Elysium,68414,22054,74.80%,75.62%
87,88.0,Total War: WARHAMMER II,67869,5148,91.47%,92.95%
88,89.0,DARK SOULS™: Prepare To Die Edition,67451,6305,90.03%,91.45%
89,90.0,The Elder Scrolls Online,66515,16720,78.92%,79.91%
90,91.0,SCP: Secret Laboratory,65981,6953,89.08%,90.47%
91,92.0,Castle Crashers,65976,2746,94.39%,96.00%
92,93.0,The Long Dark,63518,6312,89.53%,90.96%
93,94.0,Call of Duty: Black Ops III,62532,24163,71.41%,72.13%
94,95.0,DOOM Eternal,62068,10043,84.83%,86.07%
95,96.0,MORDHAU,61414,12343,82.13%,83.27%
96,97.0,Trove,60816,15267,78.92%,79.93%
97,98.0,Just Cause 3,60788,16632,77.55%,78.52%
98,99.0,NieR:Automata™,60546,10722,83.75%,84.96%
99,100.0,Saints Row IV,60106,5828,89.70%,91.16%
100,101.0,This War of Mine,59714,3296,93.16%,94.77%
101,102.0,Cuphead,59148,2283,94.61%,96.28%
102,103.0,VRChat,58948,6101,89.18%,90.62%
103,104.0,Middle-earth™: Shadow of Mordor™,58447,4996,90.62%,92.13%
104,105.0,SMITE,58195,13717,79.86%,80.93%
105,106.0,Raft,57805,6576,88.37%,89.79%
106,107.0,ASTRONEER,57742,6726,88.16%,89.57%
107,108.0,Killing Floor,57497,2820,93.68%,95.32%
108,109.0,Far Cry® 3,57429,6684,88.16%,89.57%
109,110.0,American Truck Simulator,57354,2773,93.74%,95.39%
110,111.0,Dead Cells,57293,1995,94.93%,96.64%
111,112.0,Outlast,57275,2351,94.38%,96.06%
112,113.0,For Honor,56593,30999,64.13%,64.61%
113,114.0,Hunt: Showdown,56330,13741,79.33%,80.39%
114,115.0,BattleBlock Theater,55715,1551,95.54%,97.29%
115,116.0,Helltaker,55683,1195,96.13%,97.90%
116,117.0,Far Cry 5,55430,17400,75.21%,76.11%
117,118.0,Tom Clancy's The Division,55398,26371,67.16%,67.75%
118,119.0,Hotline Miami,54808,1488,95.60%,97.36%
119,120.0,Black Squad,54669,15742,76.68%,77.64%
120,121.0,Chivalry: Medieval Warfare,54214,11574,81.26%,82.41%
121,122.0,Saints Row: The Third,53830,2256,94.27%,95.98%
122,123.0,Kingdom Come: Deliverance,53803,12996,79.47%,80.54%
123,124.0,Crusader Kings II,53298,5943,88.51%,89.97%
124,125.0,FTL: Faster Than Light,53068,2122,94.43%,96.16%
125,126.0,Stick Fight: The Game,52743,4198,91.05%,92.63%
126,127.0,No More Room in Hell,52547,6127,88.11%,89.56%
127,128.0,Mirror,52515,1377,95.66%,97.44%
128,129.0,Total War: THREE KINGDOMS,52382,9294,83.67%,84.93%
129,130.0,METAL GEAR SOLID V: THE PHANTOM PAIN,51907,5782,88.50%,89.98%
130,131.0,The Witcher 2: Assassins of Kings Enhanced Edition,51847,5834,88.41%,89.89%
131,132.0,Company of Heroes 2,51841,15099,76.48%,77.44%
132,133.0,Dishonored,51757,1464,95.46%,97.25%
133,134.0,Grim Dawn,51425,3962,91.25%,92.85%
134,135.0,Scrap Mechanic,50644,4948,89.57%,91.10%
135,136.0,The Walking Dead,49900,1640,95.03%,96.82%
136,137.0,Grand Theft Auto IV: The Complete Edition,49781,21246,69.39%,70.09%
137,138.0,Deceit,49714,10565,81.29%,82.47%
138,139.0,Goat Simulator,49361,5844,87.94%,89.41%
139,140.0,Oxygen Not Included,49356,1918,94.49%,96.26%
140,141.0,Enter the Gungeon,49273,2036,94.27%,96.03%
141,142.0,XCOM 2,49243,8658,83.76%,85.05%
142,143.0,Half-Life,49095,1855,94.58%,96.36%
143,144.0,World of Warships,48695,12417,78.61%,79.68%
144,145.0,To the Moon,48689,1758,94.73%,96.52%
145,146.0,Age of Empires II: Definitive Edition,48331,4010,90.73%,92.34%
146,147.0,POSTAL 2,48214,2302,93.70%,95.44%
147,148.0,Frostpunk,48132,5066,88.95%,90.48%
148,149.0,Batman™: Arkham Knight,48013,13575,76.95%,77.96%
149,150.0,Assassin's Creed Origins,47617,8158,84.06%,85.37%
150,151.0,STAR WARS Jedi: Fallen Order™,47513,4789,89.29%,90.84%
151,152.0,Deep Rock Galactic,47426,1969,94.24%,96.01%
152,153.0,Clicker Heroes,47291,5283,88.44%,89.95%
153,154.0,Just Survive,47232,33059,58.53%,58.83%
154,155.0,Slime Rancher,46883,1327,95.41%,97.25%
155,156.0,Mad Max,46796,4591,89.50%,91.07%
156,157.0,Dirty Bomb,46775,11062,79.74%,80.87%
157,158.0,PlanetSide 2,46747,9620,81.71%,82.93%
158,159.0,Squad,46422,8420,83.35%,84.65%
159,160.0,The Binding of Isaac,46001,2076,93.90%,95.68%
160,161.0,Battlerite,45958,8703,82.80%,84.08%
161,162.0,Minion Masters,45904,3957,90.44%,92.06%
162,163.0,Total War: ROME II - Emperor Edition,45769,13671,76.01%,77.00%
163,164.0,Insurgency: Sandstorm,45584,9921,80.93%,82.13%
164,165.0,Prison Architect,44887,4310,89.64%,91.24%
165,166.0,Devil May Cry 5,44802,2403,93.15%,94.91%
166,167.0,theHunter: Call of the Wild™,44666,8587,82.60%,83.88%
167,168.0,BeamNG.drive,44579,2160,93.60%,95.38%
168,169.0,The Witcher: Enhanced Edition,44542,5715,87.14%,88.63%
169,170.0,Grand Theft Auto: San Andreas,44056,4437,89.26%,90.85%
170,171.0,DARK SOULS™ II: Scholar of the First Sin,44001,6731,85.32%,86.73%
171,172.0,Elite Dangerous,43266,13695,75.00%,75.96%
172,173.0,Warhammer: Vermintide 2,43170,11175,78.33%,79.44%
173,174.0,Conan Exiles,42354,12469,76.24%,77.26%
174,175.0,South Park™: The Stick of Truth™,42119,1064,95.62%,97.54%
175,176.0,Black Mesa,42072,1965,93.72%,95.54%
176,177.0,World of Tanks Blitz,41959,11613,77.25%,78.32%
177,178.0,XCOM: Enemy Unknown,41904,2409,92.78%,94.56%
178,179.0,Mafia II (Classic),41763,2232,93.13%,94.93%
179,180.0,Warface,40897,18109,68.60%,69.31%
180,181.0,Firewatch,40607,5974,85.71%,87.18%
181,182.0,Ori and the Blind Forest,40003,1838,93.75%,95.61%
182,183.0,Among Us,39937,3786,89.68%,91.34%
183,184.0,Plants vs. Zombies: Game of the Year,39880,1492,94.50%,96.39%
184,185.0,Metro 2033 Redux,39687,7105,83.45%,84.82%
185,186.0,Middle-earth™: Shadow of War™,39022,7140,83.17%,84.53%
186,187.0,Just Cause 2,39016,3788,89.49%,91.15%
187,188.0,AdVenture Capitalist,38995,5005,87.08%,88.63%
188,189.0,Friday the 13th: The Game,38246,11252,76.21%,77.27%
189,190.0,Broforce,38208,1154,95.12%,97.07%
190,191.0,Half-Life: Alyx,38176,546,96.57%,98.59%
191,192.0,Borderlands 3,38155,8177,81.08%,82.35%
192,193.0,Totally Accurate Battle Simulator,38139,912,95.69%,97.66%
193,194.0,Spec Ops: The Line,38089,3008,90.94%,92.68%
194,195.0,Everlasting Summer,38043,1730,93.77%,95.65%
195,196.0,Beat Saber,37992,1376,94.58%,96.50%
196,197.0,"Star Wars: Battlefront 2 (Classic, 2005)",37745,2598,91.77%,93.56%
197,198.0,Tom Clancy's Ghost Recon® Wildlands,36956,11485,75.27%,76.29%
198,199.0,Watch_Dogs 2,36714,8168,80.54%,81.80%
199,200.0,HITMAN™ 2,36596,4148,88.19%,89.82%
200,201.0,Call of Duty: Modern Warfare 2,36516,3082,90.47%,92.22%
201,202.0,Alien: Isolation,35928,2809,90.97%,92.75%
202,203.0,Planet Coaster,35912,3990,88.35%,90.00%
203,204.0,"Papers, Please",35904,1296,94.56%,96.52%
204,205.0,隐形守护者 The Invisible Guardian,35530,6408,83.31%,84.72%
205,206.0,Loadout,35167,5453,85.08%,86.58%
206,207.0,The Stanley Parable,34989,3022,90.29%,92.05%
207,208.0,Hellblade: Senua's Sacrifice,34957,3231,89.80%,91.54%
208,209.0,Besiege,34950,1688,93.47%,95.39%
209,210.0,Total War: WARHAMMER,34905,10298,76.14%,77.22%
210,211.0,PAYDAY: The Heist,34751,2539,91.37%,93.19%
211,212.0,Torchlight II,34583,2179,92.21%,94.07%
212,213.0,Ori and the Blind Forest: Definitive Edition,34317,1367,94.20%,96.17%
213,214.0,Bloons TD 6,34301,1598,93.61%,95.55%
214,215.0,LIMBO,34260,2293,91.88%,93.73%
215,216.0,Brothers - A Tale of Two Sons,34110,1884,92.86%,94.77%
216,217.0,Ori and the Will of the Wisps,33841,1743,93.18%,95.10%
217,218.0,Sea of Thieves,33796,5197,85.15%,86.67%
218,219.0,Assassin's Creed IV Black Flag,33672,4190,87.30%,88.93%
219,220.0,Wolfenstein: The New Order,33087,3551,88.60%,90.31%
220,221.0,Kenshi,32957,2119,92.08%,93.96%
221,222.0,Plague Inc: Evolved,32927,2038,92.28%,94.17%
222,223.0,Metro: Last Light Redux,32777,5568,84.00%,85.48%
223,224.0,Batman: Arkham City GOTY,32546,1512,93.59%,95.56%
224,225.0,DARK SOULS™ II,32543,3988,87.43%,89.08%
225,226.0,Fallout Shelter,32283,4588,85.97%,87.56%
226,227.0,Game Dev Tycoon,32173,1586,93.34%,95.30%
227,228.0,Rising Storm 2: Vietnam,31742,5971,82.74%,84.17%
228,229.0,GRIS,31732,1128,94.53%,96.57%
229,230.0,A Hat in Time,31553,593,96.04%,98.16%
230,231.0,Shadow of the Tomb Raider,31503,7308,79.88%,81.17%
231,232.0,TEKKEN 7,31461,5761,83.07%,84.52%
232,233.0,Wolcen: Lords of Mayhem,31455,24826,55.67%,55.89%
233,234.0,Realm Royale,31161,11642,71.88%,72.80%
234,235.0,Tabletop Simulator,31048,1267,94.06%,96.08%
235,236.0,Evolve Stage 2,30921,14908,66.78%,67.47%
236,237.0,Bastion,30782,1332,93.84%,95.85%
237,238.0,Rising Storm/Red Orchestra 2 Multiplayer,30485,2470,90.65%,92.50%
238,239.0,Dishonored 2,30288,5401,83.38%,84.87%
239,240.0,Realm of the Mad God Exalt,30114,5589,82.88%,84.35%
240,241.0,Banished,29922,3319,88.27%,90.02%
241,242.0,Assetto Corsa,29707,3478,87.80%,89.52%
242,243.0,Resident Evil 7 Biohazard,29637,2150,91.33%,93.24%
243,244.0,Mortal Kombat X,29415,7533,78.36%,79.61%
244,245.0,Call of Duty: Black Ops II,29345,5026,83.85%,85.38%
245,246.0,Grimm,29283,770,95.31%,97.44%
246,247.0,Mortal Kombat 11,29008,6338,80.70%,82.07%
247,248.0,Hitman: Absolution,29005,2890,89.13%,90.94%
248,249.0,Sleeping Dogs: Definitive Edition,28976,2796,89.38%,91.20%
249,250.0,Call of Duty: World at War,28924,1905,91.87%,93.82%
250,251.0,Hotline Miami 2: Wrong Number,28475,2234,90.82%,92.73%
251,252.0,Alan Wake,28450,2747,89.37%,91.19%
252,253.0,SCUM,27854,12230,68.69%,69.49%
253,254.0,Life is Strange: Before the Storm,27816,1952,91.49%,93.44%
254,255.0,DiRT Rally,27812,4131,85.43%,87.07%
255,256.0,Fistful of Frags,27806,2699,89.31%,91.15%
256,257.0,Planet Zoo,27679,3621,86.73%,88.43%
257,258.0,NARUTO SHIPPUDEN: Ultimate Ninja STORM 4,27675,3949,85.85%,87.51%
258,259.0,Prey,27631,3160,87.97%,89.74%
259,260.0,Verdun,27631,4916,83.37%,84.90%
260,261.0,Max Payne 3,27512,5210,82.59%,84.08%
261,262.0,Battlefield: Bad Company™ 2,27245,4355,84.62%,86.22%
262,263.0,Batman: Arkham Asylum GOTY Edition,27162,1102,93.99%,96.10%
263,264.0,Farming Simulator 19,27100,2572,89.47%,91.33%
264,265.0,Left 4 Dead,27006,1207,93.63%,95.72%
265,266.0,太吾绘卷 The Scroll Of Taiwu,26766,3939,85.51%,87.17%
266,267.0,Persona 4 Golden,26724,911,94.55%,96.70%
267,268.0,Crossout,26667,8904,73.90%,74.97%
268,269.0,Project Zomboid,26647,3272,87.31%,89.06%
269,270.0,Katana ZERO,26587,441,96.13%,98.37%
270,271.0,Golf With Your Friends,26574,3083,87.82%,89.60%
271,272.0,HITMAN™,26408,5982,80.15%,81.53%
272,273.0,Borderlands: The Pre-Sequel,26359,6475,78.96%,80.28%
273,274.0,Remnant: From the Ashes,26326,4878,82.84%,84.37%
274,275.0,Emily is Away,26159,3396,86.77%,88.51%
275,276.0,Ravenfield,26116,1019,94.10%,96.24%
276,277.0,Borderlands GOTY,26075,2854,88.31%,90.13%
277,278.0,tModLoader,25991,1068,93.92%,96.05%
278,279.0,House Flipper,25965,2920,88.08%,89.89%
279,280.0,Super Meat Boy,25834,1405,92.77%,94.84%
280,281.0,DARK SOULS™: REMASTERED,25778,4990,82.28%,83.78%
281,282.0,Totally Accurate Battlegrounds,25717,5279,81.50%,82.97%
282,283.0,Depth,25654,3659,85.82%,87.52%
283,284.0,SpeedRunners,25486,1713,91.68%,93.70%
284,285.0,Jurassic World Evolution,25421,5562,80.62%,82.05%
285,286.0,Batman™: Arkham Origins,25292,4015,84.66%,86.30%
286,287.0,INSIDE,25153,1079,93.74%,95.89%
287,288.0,Risk of Rain,25004,1672,91.70%,93.73%
288,289.0,Northgard,24852,3760,85.18%,86.86%
289,290.0,Car Mechanic Simulator 2018,24832,3462,86.04%,87.76%
290,291.0,A Plague Tale: Innocence,24811,1525,92.15%,94.21%
291,292.0,Resident Evil 3,24681,9226,71.80%,72.79%
292,293.0,They Are Billions,24663,4428,83.20%,84.78%
293,294.0,My Time At Portia,24634,1882,90.90%,92.90%
294,295.0,Cry of Fear,24616,4172,83.89%,85.51%
295,296.0,Spintires®,24598,3546,85.69%,87.40%
296,297.0,Transistor,24580,1332,92.75%,94.86%
297,298.0,Counter-Strike Nexon: Studio,24492,12900,64.85%,65.50%
298,299.0,Spore,24448,2602,88.51%,90.38%
299,300.0,Hades,24377,429,95.98%,98.27%
300,301.0,Town of Salem,24375,3069,87.03%,88.82%
301,302.0,Black Desert Online,24371,8520,73.04%,74.10%
302,303.0,Duck Game,24298,940,94.09%,96.28%
303,304.0,Far Cry 4,24209,5827,79.23%,80.60%
304,305.0,DRAGON BALL FighterZ,24203,3318,86.20%,87.94%
305,306.0,Metro Exodus,24187,4057,84.01%,85.64%
306,307.0,Mirror's Edge,24089,3368,85.99%,87.73%
307,308.0,Celeste,24071,556,95.47%,97.74%
308,309.0,Titanfall® 2,24023,1089,93.50%,95.66%
309,310.0,Business Tour - Online Multiplayer Board Game,23957,15267,60.62%,61.08%
310,311.0,Age of Empires® III (2007),23935,2586,88.37%,90.25%
311,312.0,Football Manager 2020,23931,3162,86.55%,88.33%
312,313.0,FINAL FANTASY XV WINDOWS EDITION,23911,5999,78.60%,79.94%
313,314.0,Amnesia: The Dark Descent,23828,1352,92.52%,94.63%
314,315.0,My Summer Car,23695,1884,90.63%,92.63%
315,316.0,A Story About My Uncle,23631,2073,89.96%,91.94%
316,317.0,The Wolf Among Us,23562,572,95.35%,97.63%
317,318.0,DEATH STRANDING,23521,1614,91.51%,93.58%
318,319.0,The Elder Scrolls IV: Oblivion® Game of the Year Edition Deluxe,23179,1117,93.23%,95.40%
319,320.0,The Elder Scrolls IV: Oblivion,23179,1117,93.23%,95.40%
320,321.0,NBA 2K20,23171,24719,48.45%,48.38%
321,322.0,Magicka,23160,2637,87.91%,89.78%
322,323.0,Getting Over It with Bennett Foddy,23101,5038,80.63%,82.10%
323,324.0,PC Building Simulator,22990,1506,91.76%,93.85%
324,325.0,FINAL FANTASY XIV Online,22895,3380,85.40%,87.14%
325,326.0,Bloodstained: Ritual of the Night,22645,1004,93.55%,95.75%
326,327.0,Neverwinter,22591,6424,76.60%,77.86%
327,328.0,SOMA,22520,983,93.60%,95.82%
328,329.0,Creativerse,22470,5493,78.96%,80.36%
329,330.0,The Walking Dead: Season Two,22391,961,93.66%,95.88%
330,331.0,HuniePop,22382,846,94.11%,96.36%
331,332.0,Assassin's Creed II,22325,3263,85.49%,87.25%
332,333.0,Yakuza 0,22246,1805,90.46%,92.50%
333,334.0,BioShock,22208,1308,92.29%,94.44%
334,335.0,The Crew 2,22143,7147,74.44%,75.60%
335,336.0,ORION: Prelude,21970,7414,73.65%,74.77%
336,337.0,Temtem,21956,3093,85.87%,87.65%
337,338.0,古剑奇谭三(Gujian3),21939,3557,84.35%,86.05%
338,339.0,APB Reloaded,21935,12559,63.01%,63.59%
339,340.0,Fallout 3 - Game of the Year Edition,21885,5750,77.85%,79.19%
340,341.0,Deus Ex: Mankind Divided™,21798,8465,71.04%,72.03%
341,342.0,Awesomenauts,21764,3855,83.31%,84.95%
342,343.0,Cuisine Royale,21738,4951,79.99%,81.45%
343,344.0,The Isle,21614,5235,79.09%,80.50%
344,345.0,Quake Champions,21351,8627,70.27%,71.22%
345,346.0,Super Hexagon,21326,674,94.62%,96.94%
346,347.0,VA-11 Hall-A: Cyberpunk Bartender Action,21305,487,95.40%,97.77%
347,348.0,Blood and Bacon,21282,1205,92.46%,94.64%
348,349.0,Hell Let Loose,21278,5203,78.94%,80.35%
349,350.0,SUPERHOT,21268,2559,87.37%,89.26%
350,351.0,Disco Elysium,21202,1234,92.32%,94.50%
351,352.0,Bright Memory,21189,1881,89.81%,91.85%
352,353.0,Resident Evil 6,21163,5320,78.52%,79.91%
353,354.0,The Talos Principle,21103,947,93.45%,95.71%
354,355.0,Subnautica: Below Zero,21088,1517,91.17%,93.29%
355,356.0,Sniper Elite V2,21046,2855,86.23%,88.05%
356,357.0,Resident Evil 4,20968,2957,85.83%,87.64%
357,358.0,Men of War: Assault Squad 2,20909,2531,87.31%,89.20%
358,359.0,Sniper Elite 4,20907,2658,86.85%,88.72%
359,360.0,Fallout 76,20892,8050,71.18%,72.19%
360,361.0,GRID 2,20812,4303,81.31%,82.87%
361,362.0,Hurtworld,20780,6717,74.39%,75.57%
362,363.0,Half-Life 2: Episode Two,20706,785,94.05%,96.35%
363,364.0,Stranded Deep,20594,6721,74.22%,75.39%
364,365.0,CODE VEIN,20580,2446,87.46%,89.38%
365,366.0,Miscreated,20513,9719,67.05%,67.85%
366,367.0,Hand Simulator,20487,4100,81.74%,83.32%
367,368.0,Shadow Warrior,20410,1568,90.75%,92.87%
368,369.0,Watch_Dogs,20187,8309,69.89%,70.84%
369,370.0,Total War: EMPIRE - Definitive Edition,20057,2131,88.41%,90.40%
370,371.0,Overcooked! 2,20014,2376,87.46%,89.39%
371,372.0,Muse Dash,19894,551,94.92%,97.30%
372,373.0,Chinese Parents,19854,1769,89.75%,91.82%
373,374.0,The Plan,19724,1672,90.09%,92.19%
374,375.0,ShellShock Live,19650,1596,90.37%,92.49%
375,376.0,NEKOPARA Vol. 1,19645,870,93.46%,95.76%
376,377.0,Assassin's Creed Unity,19573,8932,67.81%,68.67%
377,378.0,Yu-Gi-Oh! Duel Links,19458,4016,81.30%,82.89%
378,379.0,Satisfactory,19431,761,93.89%,96.23%
379,380.0,Call of Duty: Black Ops,19273,2274,87.49%,89.45%
380,381.0,Ryse: Son of Rome,19219,3446,83.10%,84.80%
381,382.0,Arma 2: Operation Arrowhead,19014,1573,90.23%,92.36%
382,383.0,Mafia III: Definitive Edition,18972,16355,53.55%,53.70%
383,384.0,Five Nights at Freddy's,18927,2199,87.62%,89.59%
384,385.0,Serious Sam 3: BFE,18918,2415,86.76%,88.68%
385,386.0,My Friend Pedro,18864,759,93.78%,96.13%
386,387.0,Green Hell,18850,3052,84.29%,86.07%
387,388.0,Shadow Tactics: Blades of the Shogun,18638,758,93.73%,96.09%
388,389.0,Hero Siege,18605,5321,76.43%,77.76%
389,390.0,Layers of Fear,18521,2119,87.74%,89.73%
390,391.0,ICEY,18514,1761,89.23%,91.31%
391,392.0,KurtzPel,18332,11062,61.81%,62.37%
392,393.0,Dragon's Dogma: Dark Arisen,18301,2200,87.29%,89.27%
393,394.0,Horizon Zero Dawn,18276,9067,66.06%,66.84%
394,395.0,The Sims(TM) 3,18265,3241,83.20%,84.93%
395,396.0,Alien Swarm,18263,996,92.53%,94.83%
396,397.0,L.A. Noire,18222,2983,84.14%,85.93%
397,398.0,Crypt of the NecroDancer,18208,706,93.88%,96.27%
398,399.0,BioShock Remastered,18198,6349,72.98%,74.14%
399,400.0,Skullgirls,18173,1162,91.74%,93.99%
400,401.0,Trine 2,18097,813,93.34%,95.70%
401,402.0,ABZÛ,18025,1392,90.64%,92.83%
402,403.0,Two Point Hospital,17979,1929,88.26%,90.31%
403,404.0,Fishing Planet,17943,4293,79.19%,80.69%
404,405.0,Total War: ATTILA,17926,5018,76.76%,78.13%
405,406.0,Unheard,17838,566,94.48%,96.92%
406,407.0,Gang Beasts,17806,6381,72.49%,73.62%
407,408.0,DmC Devil May Cry,17764,1157,91.62%,93.89%
408,409.0,Wolfenstein II: The New Colossus,17746,5514,75.02%,76.29%
409,410.0,STAR WARS™: Knights of the Old Republic™,17656,1975,87.90%,89.94%
410,411.0,Pummel Party,17553,1693,89.09%,91.20%
411,412.0,Spiral Knights,17545,3360,82.23%,83.93%
412,413.0,Valiant Hearts: The Great War™ / Soldats Inconnus : Mémoires de la Grande Guerre™,17533,815,93.19%,95.56%
413,414.0,Ultimate Custom Night,17477,772,93.38%,95.77%
414,415.0,METAL GEAR RISING: REVENGEANCE,17385,1322,90.71%,92.93%
415,416.0,Nioh: Complete Edition,17276,4215,78.88%,80.39%
416,417.0,DRAGON BALL XENOVERSE 2,17272,3083,83.10%,84.85%
417,418.0,UNO,17233,6168,72.50%,73.64%
418,419.0,Outlast 2,17197,2090,87.16%,89.16%
419,420.0,Total War: MEDIEVAL II - Definitive Edition,17192,838,92.98%,95.35%
420,421.0,Empyrion - Galactic Survival,17167,4219,78.77%,80.27%
421,422.0,Deus Ex: Human Revolution - Director's Cut,17155,1511,89.73%,91.91%
422,423.0,Day of Infamy,17025,3539,81.14%,82.79%
423,424.0,Magic Duels,16941,7054,69.61%,70.60%
424,425.0,S.T.A.L.K.E.R.: Shadow of Chernobyl,16929,785,93.17%,95.57%
425,426.0,Wreckfest,16913,3350,81.78%,83.47%
426,427.0,Tricolour Lovestory,16908,1606,89.18%,91.33%
427,428.0,Hacknet,16905,1233,90.95%,93.20%
428,429.0,OneShot,16780,332,95.50%,98.06%
429,430.0,STAR WARS™ Empire at War: Gold Pack,16772,552,94.33%,96.81%
430,431.0,Age of Mythology: Extended Edition,16743,1894,87.77%,89.84%
431,432.0,Forager,16723,1106,91.50%,93.80%
432,433.0,100% Orange Juice,16710,1242,90.82%,93.08%
433,434.0,Titan Quest Anniversary Edition,16678,1611,89.04%,91.19%
434,435.0,Sven Co-op,16646,1387,90.09%,92.31%
435,436.0,HELLDIVERS™,16604,1510,89.49%,91.66%
436,437.0,F1 2019,16547,1935,87.48%,89.53%
437,438.0,Ultimate Chicken Horse,16440,688,93.54%,95.98%
438,439.0,BATTLETECH,16269,3976,78.83%,80.36%
439,440.0,ATLAS,16255,19236,45.98%,45.80%
440,441.0,The Expendabros,16126,470,94.64%,97.17%
441,442.0,Infestation: The New Z,16099,15074,51.57%,51.64%
442,443.0,FINAL FANTASY VII,16075,1241,90.56%,92.83%
443,444.0,What Remains of Edith Finch,16034,776,92.96%,95.38%
444,445.0,Call of Duty: WWII,16019,10182,60.62%,61.14%
445,446.0,俠隱閣(PathOfWuxia),15999,1332,90.07%,92.31%
446,447.0,BLOCKADE 3D,15926,11779,57.14%,57.48%
447,448.0,Farming Simulator 17,15891,1229,90.54%,92.82%
448,449.0,Call of Duty: Ghosts,15877,10782,59.11%,59.56%
449,450.0,Dust: An Elysian Tail,15866,690,93.37%,95.83%
450,451.0,Albion Online,15863,4971,74.83%,76.14%
451,452.0,Counter-Strike: Condition Zero,15835,1617,88.58%,90.73%
452,453.0,Gunfire Reborn,15802,1114,91.10%,93.41%
453,454.0,Lost Castle,15768,2071,86.37%,88.39%
454,455.0,Sniper Elite 3,15765,3731,79.29%,80.86%
455,456.0,Street Fighter V,15753,11439,57.57%,57.93%
456,457.0,Resident Evil 5,15705,2337,85.11%,87.05%
457,458.0,Microsoft Flight Simulator X: Steam Edition,15641,2847,82.80%,84.60%
458,459.0,eFootball PES 2020,15556,7083,67.80%,68.71%
459,460.0,Divinity: Original Sin Enhanced Edition,15536,1618,88.41%,90.57%
460,461.0,Iron Snout,15513,315,95.40%,98.01%
461,462.0,theHunter Classic,15438,15991,49.16%,49.12%
462,463.0,Rogue Legacy,15406,1044,91.30%,93.65%
463,464.0,Grand Theft Auto: Vice City,15394,1236,90.28%,92.57%
464,465.0,Sleeping Dogs™,15299,906,92.01%,94.41%
465,466.0,Pillars of Eternity,15181,2139,85.66%,87.65%
466,467.0,DRAGON BALL Z: KAKAROT,15164,1182,90.46%,92.77%
467,468.0,One Finger Death Punch,15142,280,95.54%,98.18%
468,469.0,Call of Juarez Gunslinger,15138,763,92.74%,95.20%
469,470.0,Mark of the Ninja,15085,464,94.44%,97.02%
470,471.0,State of Decay,15000,2730,82.78%,84.60%
471,472.0,Tales from the Borderlands,14997,720,92.94%,95.42%
472,473.0,EVE Online,14955,4602,75.12%,76.47%
473,474.0,Orcs Must Die! 2,14913,830,92.29%,94.73%
474,475.0,Quantum Break,14781,2559,83.38%,85.24%
475,476.0,Transformice,14756,2452,83.85%,85.75%
476,477.0,Need for Speed: Hot Pursuit,14746,3288,80.11%,81.77%
477,478.0,Mortal Kombat Komplete Edition,14671,1544,88.29%,90.48%
478,479.0,Refunct,14615,674,93.08%,95.59%
479,480.0,S.T.A.L.K.E.R.: Call of Pripyat,14599,555,93.78%,96.34%
480,481.0,MudRunner,14549,1830,86.74%,88.83%
481,482.0,Noita,14525,641,93.25%,95.77%
482,483.0,Portal Knights,14494,3094,80.70%,82.41%
483,484.0,Far Cry Primal,14464,3311,79.72%,81.37%
484,485.0,Warhammer: End Times - Vermintide,14441,3653,78.25%,79.81%
485,486.0,Shadow Warrior 2,14242,1940,85.96%,88.01%
486,487.0,Pavlov VR,14229,912,91.55%,93.98%
487,488.0,Brütal Legend,14216,1039,90.81%,93.19%
488,489.0,Pathfinder: Kingmaker,14110,3996,76.47%,77.93%
489,490.0,Life is Strange 2,14107,2805,81.63%,83.41%
490,491.0,Call of Duty: Advanced Warfare,14063,8502,61.72%,62.32%
491,492.0,The Darkness II,14052,1382,88.79%,91.05%
492,493.0,The Beginner's Guide,14033,2182,84.57%,86.54%
493,494.0,Mutant Year Zero: Road to Eden,14025,1437,88.47%,90.71%
494,495.0,Blackwake,13968,2720,81.90%,83.70%
495,496.0,Move or Die,13966,1571,87.71%,89.89%
496,497.0,The Room,13948,345,94.92%,97.59%
497,498.0,The Evil Within,13902,2747,81.70%,83.50%
498,499.0,Little Nightmares,13881,1366,88.78%,91.04%
499,500.0,GTFO,13829,1964,85.52%,87.56%
500,501.0,The Evil Within 2,13795,1155,89.93%,92.27%
501,502.0,NEKOPARA Vol. 0,13677,851,91.68%,94.14%
502,503.0,探灵笔記/拾遗记-1v5(Notes of Soul),13597,3221,79.20%,80.85%
503,504.0,Dungeons 3,13594,733,92.37%,94.88%
504,505.0,Darwin Project,13573,3183,79.34%,81.00%
505,506.0,Portal Stories: Mel,13530,556,93.46%,96.05%
506,507.0,Beholder,13516,1359,88.60%,90.86%
507,508.0,For The King,13516,1750,86.42%,88.54%
508,509.0,The Elder Scrolls III: Morrowind,13503,689,92.61%,95.15%
509,510.0,Antichamber,13497,662,92.77%,95.32%
510,511.0,How to Survive,13488,2867,80.72%,82.47%
511,512.0,STAR WARS™ Knights of the Old Republic™ II: The Sith Lords™,13473,1131,89.90%,92.26%
512,513.0,Command & Conquer™ Remastered Collection,13433,1391,88.36%,90.62%
513,514.0,Rocksmith® 2014 Edition - Remastered,13304,1082,90.10%,92.48%
514,515.0,Half-Life 2: Episode One,13303,714,92.37%,94.91%
515,516.0,Day of Defeat: Source,13301,1411,88.16%,90.41%
516,517.0,Graveyard Keeper,13284,2607,81.77%,83.59%
517,518.0,DRAGON BALL XENOVERSE,13263,1727,86.35%,88.48%
518,519.0,Guns of Icarus Online,13224,1367,88.36%,90.63%
519,520.0,Just Cause 2: Multiplayer Mod,13219,1181,89.46%,91.80%
520,521.0,Dungeon Defenders II,13179,4172,74.58%,75.96%
521,522.0,Kingdoms and Castles,13061,1331,88.47%,90.75%
522,523.0,"Warhammer 40,000: Space Marine",13054,1178,89.38%,91.72%
523,524.0,TERA,13052,3392,77.79%,79.37%
524,525.0,Mass Effect 2,12962,740,92.06%,94.60%
525,526.0,Mass Effect,12961,818,91.56%,94.06%
526,527.0,Bloons TD Battles,12869,1767,85.81%,87.93%
527,528.0,Sonic Mania,12867,1057,90.01%,92.41%
528,529.0,World of Guns: Gun Disassembly,12832,2680,80.93%,82.72%
529,530.0,The Escapists,12818,1475,87.45%,89.68%
530,531.0,Tropico 6,12766,2020,84.32%,86.34%
531,532.0,Thief,12752,4818,71.39%,72.58%
532,533.0,Bendy and the Ink Machine,12729,1840,85.28%,87.37%
533,534.0,Codename CURE,12672,2480,81.78%,83.63%
534,535.0,Crush Crush,12666,1402,87.78%,90.03%
535,536.0,BONEWORKS,12655,1447,87.50%,89.74%
536,537.0,Nuclear Throne,12634,494,93.57%,96.24%
537,538.0,Rivals of Aether,12633,868,91.08%,93.57%
538,539.0,Dungeon Defenders,12625,1000,90.23%,92.66%
539,540.0,Last Oasis,12614,6509,65.14%,65.96%
540,541.0,Hyper Light Drifter,12601,839,91.26%,93.76%
541,542.0,Bayonetta,12581,1154,89.24%,91.60%
542,543.0,Endless Legend™ - Emperor Edition,12555,2318,82.51%,84.41%
543,544.0,Toribash,12451,1615,86.35%,88.52%
544,545.0,ACE COMBAT™ 7: SKIES UNKNOWN,12426,2405,81.91%,83.78%
545,546.0,Blacklight: Retribution,12413,4146,73.62%,74.96%
546,547.0,Train Simulator,12388,6321,65.37%,66.21%
547,548.0,Total War: NAPOLEON - Definitive Edition,12386,1183,88.93%,91.28%
548,549.0,Dead Space,12377,1296,88.22%,90.52%
549,550.0,Dino D-Day,12367,2409,81.82%,83.70%
550,551.0,Gone Home,12351,3769,75.18%,76.62%
551,552.0,Survarium,12337,10699,53.38%,53.56%
552,553.0,Sakura Clicker,12331,2313,82.30%,84.21%
553,554.0,Danganronpa: Trigger Happy Havoc,12321,378,94.29%,97.02%
554,555.0,Resident Evil Revelations 2,12307,3463,76.51%,78.04%
555,556.0,The Escapists 2,12254,1645,86.00%,88.16%
556,557.0,Injustice: Gods Among Us Ultimate Edition,12249,2105,83.35%,85.34%
557,558.0,People Playground,12243,172,95.77%,98.61%
558,559.0,Ace of Spades,12200,6656,63.94%,64.70%
559,560.0,Mountain,12176,1656,85.87%,88.03%
560,561.0,Endless Space® 2 - Digital Deluxe Edition,12145,2589,80.62%,82.43%
561,562.0,Shovel Knight: Treasure Trove,12134,421,93.92%,96.65%
562,563.0,Sanctum 2,12126,1334,87.80%,90.09%
563,564.0,Crusader Kings III,12121,919,90.47%,92.95%
564,565.0,Steep,12081,3177,77.57%,79.18%
565,566.0,Kingdom: Classic,12044,1386,87.41%,89.68%
566,567.0,DC Universe Online,12042,3135,77.73%,79.34%
567,568.0,Dead Space 2,11956,656,92.19%,94.80%
568,569.0,We Were Here,11955,978,89.98%,92.44%
569,570.0,Sonic & All-Stars Racing Transformed Collection,11929,740,91.59%,94.16%
570,571.0,Surgeon Simulator,11927,2554,80.55%,82.36%
571,572.0,Block N Load,11831,3369,76.30%,77.84%
572,573.0,Call of Duty 4: Modern Warfare,11770,987,89.81%,92.26%
573,574.0,Assassin's Creed Syndicate,11711,3347,76.24%,77.77%
574,575.0,CreativeDestruction,11697,3066,77.61%,79.23%
575,576.0,Aliens vs. Predator,11662,1310,87.60%,89.90%
576,577.0,Who's Your Daddy,11661,4177,72.34%,73.63%
577,578.0,Last Man Standing,11646,7431,60.48%,61.05%
578,579.0,Alien Swarm: Reactive Drop,11614,690,91.79%,94.39%
579,580.0,FEZ,11572,971,89.79%,92.26%
580,581.0,Monster Girl Island: Prologue,11562,382,94.03%,96.80%
581,582.0,Tree of Savior (English Ver.),11545,6557,63.06%,63.78%
582,583.0,World War 3,11542,6891,61.96%,62.62%
583,584.0,Spelunky,11514,982,89.68%,92.14%
584,585.0,Tom Clancy's Splinter Cell Blacklist,11506,2291,81.50%,83.39%
585,586.0,Bully: Scholarship Edition,11476,2240,81.76%,83.67%
586,587.0,Fallout 3,11476,3129,76.98%,78.58%
587,588.0,Shakes and Fidget,11474,1251,87.83%,90.17%
588,589.0,Streets of Rogue,11436,455,93.43%,96.17%
589,590.0,Quake Live,11373,1987,83.12%,85.13%
590,591.0,Artifact,11344,12196,48.28%,48.19%
591,592.0,The Banner Saga,11277,1343,87.06%,89.36%
592,593.0,Farming Simulator 15,11273,1121,88.56%,90.96%
593,594.0,Brick Rigs,11266,967,89.62%,92.10%
594,595.0,Sonic Generations,11241,881,90.21%,92.73%
595,596.0,Pacify,11198,1383,86.73%,89.01%
596,597.0,Dragon Age: Origins - Ultimate Edition,11184,1001,89.32%,91.78%
597,598.0,Sins of a Solar Empire: Rebellion,11169,842,90.45%,92.99%
598,599.0,Gunpoint,11158,301,94.53%,97.37%
599,600.0,Trine,11129,491,93.04%,95.77%
600,601.0,Detroit: Become Human,11129,1046,88.97%,91.41%
601,602.0,XCOM: Chimera Squad,11078,4184,71.34%,72.59%
602,603.0,Rome: Total War,11032,702,91.40%,94.02%
603,604.0,Sid Meier's Civilization: Beyond Earth,11020,8512,56.09%,56.42%
604,605.0,LEGO® MARVEL Super Heroes,10975,788,90.72%,93.30%
605,606.0,Freddy Fazbear's Pizzeria Simulator,10968,728,91.17%,93.78%
606,607.0,Burnout Paradise: The Ultimate Box,10958,1652,84.75%,86.90%
607,608.0,TrackMania Nations Forever,10944,1606,85.03%,87.20%
608,609.0,Saints Row 2,10937,3192,75.86%,77.41%
609,610.0,Eternal Senia,10927,254,94.84%,97.73%
610,611.0,Wargame: Red Dragon,10921,1375,86.54%,88.82%
611,612.0,Bad Rats,10915,3034,76.65%,78.25%
612,613.0,Montaro,10896,524,92.68%,95.41%
613,614.0,RAGE,10893,3354,74.97%,76.46%
614,615.0,BRAIN / OUT,10885,2412,80.03%,81.86%
615,616.0,Sword Art Online: Fatal Bullet,10848,2967,76.91%,78.52%
616,617.0,Child of Light,10829,834,90.29%,92.85%
617,618.0,Blade & Sorcery,10733,675,91.44%,94.08%
618,619.0,Far Cry® 3 Blood Dragon,10725,1359,86.47%,88.75%
619,620.0,Zombie Army Trilogy,10711,1574,85.00%,87.19%
620,621.0,KARDS - The WWII Card Game,10648,1805,83.43%,85.51%
621,622.0,Kingdoms of Amalur: Reckoning™,10645,1372,86.30%,88.58%
622,623.0,Orwell,10641,984,89.05%,91.54%
623,624.0,Infestation: Survivor Stories Classic,10597,14668,42.32%,41.94%
624,625.0,Divinity: Original Sin (Classic),10593,945,89.31%,91.81%
625,626.0,The Culling,10585,7794,57.20%,57.59%
626,627.0,DEAD OR ALIVE Xtreme Venus Vacation,10568,2372,79.84%,81.67%
627,628.0,MURDERED: SOUL SUSPECT™,10519,1906,82.63%,84.66%
628,629.0,Free to Play,10509,537,92.40%,95.14%
629,630.0,SoulWorker,10496,2709,77.79%,79.49%
630,631.0,Remember Me,10482,2107,81.32%,83.26%
631,632.0,Car Mechanic Simulator 2015,10473,936,89.29%,91.80%
632,633.0,Hyperdimension Neptunia Re;Birth1,10431,536,92.37%,95.11%
633,634.0,Salt and Sanctuary,10386,942,89.18%,91.68%
634,635.0,Surviving Mars,10377,2198,80.62%,82.52%
635,636.0,TerraTech,10364,1316,86.42%,88.73%
636,637.0,Universe Sandbox,10349,518,92.48%,95.23%
637,638.0,South Park The Fractured But Whole,10344,2885,76.57%,78.19%
638,639.0,Pony Island,10335,484,92.75%,95.53%
639,640.0,KovaaK 2.0,10314,1098,87.95%,90.38%
640,641.0,Farm Together,10308,683,91.13%,93.79%
641,642.0,Moonbase Alpha,10305,1173,87.40%,89.78%
642,643.0,WARMODE,10289,6586,60.39%,60.97%
643,644.0,Yet Another Zombie Defense,10270,1608,84.30%,86.46%
644,645.0,Baba Is You,10258,173,95.36%,98.34%
645,646.0,DCS World Steam Edition,10258,2317,79.73%,81.57%
646,647.0,Spooky's Jump Scare Mansion,10218,822,89.97%,92.55%
647,648.0,Star Trek Online,10215,2901,76.28%,77.88%
648,649.0,Far Cry New Dawn,10197,3067,75.33%,76.88%
649,650.0,Dead Frontier 2,10195,4328,69.07%,70.20%
650,651.0,Tales of Berseria,10184,750,90.52%,93.14%
651,652.0,State of Decay 2,10170,3658,72.21%,73.55%
652,653.0,Spyro™ Reignited Trilogy,10168,435,93.08%,95.90%
653,654.0,Stoneshard,10098,2812,76.59%,78.22%
654,655.0,Assassin's Creed® III,10098,3388,73.46%,74.88%
655,656.0,Danganronpa 2: Goodbye Despair,10091,310,94.12%,97.02%
656,657.0,Armello,10086,2235,79.99%,81.86%
657,658.0,The Awesome Adventures of Captain Spirit,10077,797,90.07%,92.67%
658,659.0,Football Manager 2019,10062,1639,83.85%,85.99%
659,660.0,Deadside,10054,2862,76.23%,77.84%
660,661.0,Shadowrun Returns,10053,1304,86.20%,88.52%
661,662.0,Battle Brothers,10053,1320,86.09%,88.39%
662,663.0,Stormworks: Build and Rescue,10039,639,91.32%,94.02%
663,664.0,The Crew,10012,4654,67.25%,68.27%
664,665.0,NEKOPARA Vol. 2,10009,270,94.44%,97.37%
665,666.0,Wizard of Legend,9978,894,89.23%,91.78%
666,667.0,The Room Two,9932,223,94.83%,97.80%
667,668.0,BATTALION 1944,9924,6095,61.30%,61.95%
668,669.0,Valkyria Chronicles™,9891,973,88.54%,91.04%
669,670.0,Resident Evil,9882,855,89.47%,92.04%
670,671.0,Viscera Cleanup Detail,9878,763,90.20%,92.83%
671,672.0,Double Action: Boogaloo,9872,796,89.93%,92.54%
672,673.0,Project CARS 2,9861,2745,76.58%,78.22%
673,674.0,Tropico 4,9842,906,89.03%,91.57%
674,675.0,Aim Lab,9839,711,90.60%,93.26%
675,676.0,LEGO® Worlds,9837,2934,75.46%,77.03%
676,677.0,Star Conflict,9798,3168,74.09%,75.57%
677,678.0,Natural Selection 2,9786,1658,83.38%,85.51%
678,679.0,Contagion,9758,3886,70.29%,71.52%
679,680.0,BioShock 2,9753,1105,87.40%,89.82%
680,681.0,Darksiders,9738,1151,87.03%,89.43%
681,682.0,Tower Unite,9723,1289,85.97%,88.29%
682,683.0,Borderlands GOTY Enhanced,9717,1662,83.27%,85.39%
683,684.0,Into the Breach,9694,611,91.34%,94.07%
684,685.0,Psychonauts,9685,507,92.23%,95.03%
685,686.0,Gotham City Impostors: Free To Play,9677,1821,82.12%,84.16%
686,687.0,Fallout,9637,781,89.88%,92.50%
687,688.0,Audiosurf,9616,424,92.92%,95.78%
688,689.0,Poly Bridge,9603,881,89.03%,91.60%
689,690.0,Project Winter,9576,2065,80.33%,82.26%
690,691.0,Call of Duty: Infinite Warfare,9576,10774,47.21%,47.06%
691,692.0,Return of the Obra Dinn,9575,310,93.92%,96.86%
692,693.0,Defiance,9550,2960,74.80%,76.34%
693,694.0,Mitos.is: The Game,9537,2229,79.21%,81.06%
694,695.0,Just Cause 4,9529,7448,55.80%,56.13%
695,696.0,Assassin's Creed Brotherhood,9525,1202,86.42%,88.79%
696,697.0,Overcooked,9515,921,88.63%,91.17%
697,698.0,Night in the Woods,9513,755,90.00%,92.65%
698,699.0,Detention,9512,2611,76.78%,78.46%
699,700.0,Post Scriptum,9499,3411,72.21%,73.58%
700,701.0,Project CARS,9481,2820,75.49%,77.08%
701,702.0,Mini Metro,9450,333,93.66%,96.60%
702,703.0,Sniper Ghost Warrior 2,9446,3501,71.63%,72.96%
703,704.0,Ultra Street Fighter IV,9418,1209,86.25%,88.62%
704,705.0,ELEX,9416,3088,73.83%,75.30%
705,706.0,Tropico 5,9402,2679,76.18%,77.82%
706,707.0,Wolfenstein: The Old Blood,9393,1219,86.15%,88.51%
707,708.0,Finding Paradise,9383,206,94.82%,97.85%
708,709.0,NEKOPARA Vol. 3,9375,258,94.33%,97.32%
709,710.0,Call to Arms,9350,2821,75.24%,76.82%
710,711.0,DiRT Rally 2.0,9349,2602,76.56%,78.23%
711,712.0,DUSK,9323,161,95.24%,98.30%
712,713.0,Deadlight,9315,2436,77.53%,79.27%
713,714.0,LISA,9309,398,93.01%,95.90%
714,715.0,Foxhole,9304,2264,78.61%,80.43%
715,716.0,部落与弯刀,9299,1166,86.46%,88.86%
716,717.0,RWBY: Grimm Eclipse,9285,1970,80.54%,82.50%
717,718.0,Craft The World,9252,1272,85.58%,87.91%
718,719.0,METAL GEAR SOLID V: GROUND ZEROES,9206,1957,80.51%,82.47%
719,720.0,FINAL FANTASY X/X-2 HD Remaster,9190,949,88.11%,90.64%
720,721.0,The Lord of the Rings Online™,9167,2250,78.47%,80.29%
721,722.0,missed messages.,9165,372,93.18%,96.10%
722,723.0,ISLANDERS,9161,463,92.33%,95.19%
723,724.0,Imperator: Rome,9141,8338,52.18%,52.30%
724,725.0,Five Nights at Freddy's 2,9138,849,88.90%,91.50%
725,726.0,Outward,9126,2931,74.17%,75.69%
726,727.0,NARUTO SHIPPUDEN: Ultimate Ninja STORM 3 Full Burst,9095,988,87.70%,90.20%
727,728.0,Half-Life: Opposing Force,9091,481,92.13%,94.97%
728,729.0,Age of Civilizations II,9033,1773,81.54%,83.59%
729,730.0,Pillars of Eternity II: Deadfire,8976,1398,84.27%,86.52%
730,731.0,CrossCode,8936,497,91.89%,94.73%
731,732.0,Microsoft Flight Simulator,8919,3459,70.76%,72.06%
732,733.0,Russian Fishing 4,8913,3370,71.24%,72.56%
733,734.0,Amazing Cultivation Simulator / 了不起的修仙模拟器,8904,1713,81.79%,83.87%
734,735.0,Youtubers Life,8889,2947,73.61%,75.10%
735,736.0,Paint the Town Red,8831,601,90.85%,93.63%
736,737.0,LEGO® Star Wars™: The Complete Saga,8826,387,92.87%,95.80%
737,738.0,The Witness,8825,1566,82.77%,84.93%
738,739.0,Lords Of The Fallen,8810,5758,59.89%,60.48%
739,740.0,嗜血印 Bloody Spell,8804,1853,80.61%,82.61%
740,741.0,Generation Zero®,8804,5692,60.13%,60.73%
741,742.0,BLOCKPOST,8790,3084,72.60%,74.03%
742,743.0,STAR WARS™ Republic Commando,8771,457,92.16%,95.05%
743,744.0,The Walking Dead: The Final Season,8771,613,90.70%,93.47%
744,745.0,STAR WARS™ Jedi Knight: Jedi Academy™,8770,394,92.77%,95.70%
745,746.0,Hand of Fate,8767,905,88.08%,90.64%
746,747.0,Dead Rising 3,8752,3376,70.86%,72.16%
747,748.0,Dungeon of the Endless™ - Crystal Edition,8730,1161,85.86%,88.26%
748,749.0,NBA 2K19,8673,13335,39.93%,39.41%
749,750.0,Golf It!,8646,1193,85.50%,87.87%
750,751.0,Crash Bandicoot™ N. Sane Trilogy,8645,660,90.17%,92.91%
751,752.0,Mount & Blade: With Fire and Sword,8645,1278,84.80%,87.12%
752,753.0,911 Operator,8615,1187,85.51%,87.89%
753,754.0,Dawn of Man,8586,1340,84.21%,86.50%
754,755.0,Shower With Your Dad Simulator 2015: Do You Still Shower With Your Dad,8585,441,92.21%,95.11%
755,756.0,A Dance of Fire and Ice,8556,485,91.76%,94.64%
756,757.0,STEINS;GATE,8551,193,94.68%,97.79%
757,758.0,Vampyr,8547,2872,73.36%,74.85%
758,759.0,Conqueror's Blade,8515,3329,70.59%,71.89%
759,760.0,FINAL FANTASY XIII,8500,3147,71.61%,72.98%
760,761.0,S.T.A.L.K.E.R.: Clear Sky,8469,1203,85.19%,87.56%
761,762.0,Crysis 2 Maximum Edition,8453,1647,81.59%,83.69%
762,763.0,DiggerOnline,8436,10031,45.91%,45.68%
763,764.0,Heroes of Might & Magic III - HD Edition,8431,2912,72.86%,74.33%
764,765.0,DISTRAINT: Deluxe Edition,8428,592,90.64%,93.44%
765,766.0,Reign Of Kings,8428,6258,56.98%,57.39%
766,767.0,Darksiders II Deathinitive Edition,8406,2592,74.83%,76.43%
767,768.0,Gothic Playable Teaser,8404,2862,73.11%,74.60%
768,769.0,Transmissions: Element 120,8401,536,91.16%,94.00%
769,770.0,Assetto Corsa Competizione,8354,1129,85.68%,88.09%
770,771.0,Victoria II,8336,865,88.00%,90.60%
771,772.0,Lobotomy Corporation,8334,654,89.97%,92.72%
772,773.0,"Warhammer 40,000: Dawn of War - Soulstorm",8322,408,92.38%,95.33%
773,774.0,Deus Ex: Game of the Year Edition,8287,457,91.86%,94.77%
774,775.0,F1 2020,8281,635,90.10%,92.88%
775,776.0,Deponia,8281,1032,86.43%,88.92%
776,777.0,Rabi-Ribi,8275,227,94.22%,97.33%
777,778.0,RaceRoom Racing Experience,8274,4053,66.12%,67.12%
778,779.0,GreedFall,8261,2009,78.55%,80.44%
779,780.0,Resident Evil 3: Raccoon City Demo,8257,906,87.54%,90.11%
780,781.0,Vampire: The Masquerade - Bloodlines,8247,454,91.86%,94.78%
781,782.0,Monster Train,8242,273,93.72%,96.79%
782,783.0,Thronebreaker: The Witcher Tales,8226,792,88.56%,91.22%
783,784.0,Holdfast: Nations At War,8224,1213,84.78%,87.15%
784,785.0,60 Seconds!,8177,1688,80.83%,82.89%
785,786.0,Splitgate: Arena Warfare,8149,1866,79.41%,81.37%
786,787.0,Grounded,8143,1320,83.76%,86.05%
787,788.0,AirMech Strike,8141,1510,82.18%,84.35%
788,789.0,Crysis,8136,1685,80.78%,82.84%
789,790.0,F.E.A.R.,8100,528,91.01%,93.88%
790,791.0,Blasphemous,8098,1101,85.59%,88.03%
791,792.0,DEEP SPACE WAIFU,8089,293,93.44%,96.50%
792,793.0,The Walking Dead: A New Frontier,8086,2241,76.55%,78.30%
793,794.0,Material Girl,8045,726,89.01%,91.72%
794,795.0,Black Desert,8034,4132,65.09%,66.04%
795,796.0,Book of Demons,8029,733,88.93%,91.63%
796,797.0,Planetary Annihilation: TITANS,8019,1675,80.66%,82.72%
797,798.0,Game of Thrones - A Telltale Games Series,8010,2485,74.70%,76.32%
798,799.0,"Dr. Langeskov, The Tiger, and The Terribly Cursed Emerald: A Whirlwind Heist",8001,554,90.67%,93.52%
799,800.0,Scribblenauts Unlimited,7998,631,89.90%,92.69%
800,801.0,Gears 5,7993,4745,62.01%,62.75%
801,802.0,Keep Talking and Nobody Explodes,7984,152,94.93%,98.13%
802,803.0,"Warhammer 40,000: Dawn of War III",7979,9361,46.23%,46.01%
803,804.0,S.K.I.L.L. - Special Force 2,7946,3551,67.97%,69.11%
804,805.0,Touhou Luna Nights,7943,171,94.70%,97.89%
805,806.0,Grand Theft Auto: Episodes from Liberty City,7930,2809,72.38%,73.84%
806,807.0,STAR WARS™: The Old Republic™,7905,1197,84.48%,86.85%
807,808.0,X-Plane 11,7890,829,87.85%,90.49%
808,809.0,Shadowverse,7889,2635,73.43%,74.96%
809,810.0,SNOW,7877,4059,65.05%,65.99%
810,811.0,Absolver,7873,3660,67.17%,68.26%
811,812.0,Moonlighter,7868,1606,80.95%,83.05%
812,813.0,Tyranny,7859,1228,84.14%,86.49%
813,814.0,Rise of Nations: Extended Edition,7844,560,90.48%,93.34%
814,815.0,Thomas Was Alone,7841,477,91.34%,94.27%
815,816.0,The Henry Stickmin Collection,7833,68,95.84%,99.14%
816,817.0,Darksiders Warmastered Edition,7824,1214,84.21%,86.57%
817,818.0,Age of Wonders III,7814,1993,77.81%,79.68%
818,819.0,Half-Life 2: Deathmatch,7785,897,87.08%,89.67%
819,820.0,Assassin's Creed,7774,1514,81.55%,83.70%
820,821.0,Dragon Age: Origins,7764,632,89.67%,92.47%
821,822.0,FlatOut 2,7757,410,91.99%,94.98%
822,823.0,Oxenfree,7751,584,90.15%,92.99%
823,824.0,Freeman: Guerrilla Warfare,7723,1779,79.29%,81.28%
824,825.0,Skater XL,7711,1051,85.53%,88.01%
825,826.0,Assassin's Creed Revelations,7678,1361,82.69%,84.94%
826,827.0,Just Shapes & Beats,7672,165,94.67%,97.89%
827,828.0,"I Love You, Colonel Sanders! A Finger Lickin’ Good Dating Simulator",7672,584,90.08%,92.93%
828,829.0,Hitman: Blood Money,7637,488,91.07%,93.99%
829,830.0,Stronghold Crusader HD,7616,243,93.76%,96.91%
830,831.0,Supreme Commander: Forged Alliance,7598,234,93.85%,97.01%
831,832.0,Hentai Girl,7580,585,89.99%,92.84%
832,833.0,Enderal: Forgotten Stories,7579,474,91.17%,94.11%
833,834.0,NARUTO TO BORUTO: SHINOBI STRIKER,7574,2847,71.28%,72.68%
834,835.0,FreeStyle 2: Street Basketball,7570,2752,71.89%,73.34%
835,836.0,Superflight,7569,262,93.52%,96.65%
836,837.0,Transport Fever 2,7566,1336,82.73%,84.99%
837,838.0,Monaco,7533,763,88.11%,90.80%
838,839.0,Transport Fever,7528,1581,80.55%,82.64%
839,840.0,VVVVVV,7518,293,93.14%,96.25%
840,841.0,Hook,7493,220,93.96%,97.15%
841,842.0,Defy Gravity,7490,1211,83.73%,86.08%
842,843.0,Clone Drone in the Danger Zone,7466,246,93.65%,96.81%
843,844.0,Little Inferno,7463,504,90.75%,93.67%
844,845.0,Door Kickers,7446,417,91.69%,94.70%
845,846.0,RAGE 2,7443,4932,59.55%,60.15%
846,847.0,The Mean Greens - Plastic Warfare,7415,1629,79.93%,81.99%
847,848.0,Momodora: Reverie Under the Moonlight,7406,469,91.09%,94.04%
848,849.0,Octodad: Dadliest Catch,7406,562,90.07%,92.95%
849,850.0,RIFT,7389,2494,73.21%,74.76%
850,851.0,The Bureau: XCOM Declassified,7380,3175,68.69%,69.92%
851,852.0,Homefront: The Revolution,7373,5504,56.84%,57.26%
852,853.0,Dishonored RHCP,7371,162,94.59%,97.85%
853,854.0,America's Army: Proving Grounds,7368,2015,76.71%,78.52%
854,855.0,Sonic Adventure™ 2,7367,1239,83.28%,85.60%
855,856.0,Supreme Commander 2,7362,1081,84.75%,87.20%
856,857.0,"Hot Dogs, Horseshoes & Hand Grenades",7360,256,93.47%,96.64%
857,858.0,Rec Room,7337,618,89.40%,92.23%
858,859.0,Homeworld Remastered Collection,7336,1018,85.32%,87.81%
859,860.0,Baldur's Gate: Enhanced Edition,7323,827,87.20%,89.85%
860,861.0,Motorsport Manager,7315,681,88.71%,91.48%
861,862.0,LYNE,7301,294,93.00%,96.13%
862,863.0,Poker Night at the Inventory,7300,1000,85.44%,87.95%
863,864.0,Hatred,7299,1951,77.06%,78.91%
864,865.0,Machinarium,7286,353,92.30%,95.38%
865,866.0,Batman - The Telltale Series,7285,1875,77.64%,79.53%
866,867.0,Nether,7282,10238,42.01%,41.56%
867,868.0,Fallout: New Vegas RU,7272,687,88.60%,91.37%
868,869.0,Garfield Kart,7270,904,86.35%,88.94%
869,870.0,The Vanishing of Ethan Carter,7260,911,86.27%,88.85%
870,871.0,Phoenix Wright: Ace Attorney Trilogy,7257,171,94.44%,97.70%
871,872.0,Metin2,7242,3576,65.91%,66.94%
872,873.0,Punch Club,7225,1900,77.30%,79.18%
873,874.0,Half-Life 2: Lost Coast,7208,1128,84.06%,86.47%
874,875.0,Braid,7204,439,91.26%,94.26%
875,876.0,"Warhammer 40,000: Dawn of War II",7110,873,86.45%,89.06%
876,877.0,Carpe Diem,7094,851,86.66%,89.29%
877,878.0,"Warhammer 40,000: Inquisitor - Martyr",7084,2749,70.66%,72.04%
878,879.0,PROTOTYPE 2,7079,2577,71.84%,73.31%
879,880.0,Magicka 2,7078,1660,78.98%,81.00%
880,881.0,Devil May Cry 4 Special Edition,7074,721,88.01%,90.75%
881,882.0,RUINER,7068,741,87.78%,90.51%
882,883.0,Galactic Civilizations III,7036,2136,75.00%,76.71%
883,884.0,Company of Heroes,7030,487,90.56%,93.52%
884,885.0,Life is Feudal: Your Own,7009,3640,64.85%,65.82%
885,886.0,Grand Theft Auto III,7007,1052,84.48%,86.95%
886,887.0,Injustice™ 2,6999,1408,81.06%,83.25%
887,888.0,Stonehearth,6990,2217,74.26%,75.92%
888,889.0,DJMAX RESPECT V,6972,1405,81.04%,83.23%
889,890.0,Far Cry 2,6965,2147,74.74%,76.44%
890,891.0,GunZ 2: The Second Duel,6964,3509,65.48%,66.49%
891,892.0,CarX Drift Racing Online,6959,940,85.54%,88.10%
892,893.0,Fallout 2,6957,434,91.11%,94.13%
893,894.0,Zup!,6946,424,91.22%,94.25%
894,895.0,DiRT 4,6927,2504,71.96%,73.45%
895,896.0,Fran Bow,6916,241,93.41%,96.63%
896,897.0,Road Redemption,6874,1528,79.72%,81.81%
897,898.0,GWENT: The Witcher Card Game,6864,1272,82.08%,84.37%
898,899.0,Assassin's Creed Rogue,6856,1426,80.61%,82.78%
899,900.0,Thief Simulator,6847,1259,82.17%,84.47%
900,901.0,Tricky Towers,6839,749,87.40%,90.13%
901,902.0,Streets of Rage 4,6835,748,87.41%,90.14%
902,903.0,F1 2018,6833,1066,84.06%,86.50%
903,904.0,The Elder Scrolls: Legends,6828,2388,72.55%,74.09%
904,905.0,DRAGON QUEST® XI: Echoes of an Elusive Age™,6819,579,89.29%,92.17%
905,906.0,Darksiders III,6785,2174,74.07%,75.73%
906,907.0,Danganronpa V3: Killing Harmony,6779,1158,83.04%,85.41%
907,908.0,Osiris: New Dawn,6777,4035,61.91%,62.68%
908,909.0,RUNNING WITH RIFLES,6775,931,85.36%,87.92%
909,910.0,Mount Your Friends,6756,334,92.15%,95.29%
910,911.0,Gorogoa,6741,185,94.03%,97.33%
911,912.0,Darkwood,6732,388,91.47%,94.55%
912,913.0,Clustertruck,6704,585,89.09%,91.97%
913,914.0,Five Nights at Freddy's 4,6692,530,89.72%,92.66%
914,915.0,How to Survive 2,6687,2863,68.75%,70.02%
915,916.0,Serious Sam 2,6684,844,86.15%,88.79%
916,917.0,Zula Europe,6677,3034,67.57%,68.76%
917,918.0,Viridi,6666,623,88.60%,91.45%
918,919.0,The Incredible Adventures of Van Helsing,6664,1356,80.88%,83.09%
919,920.0,Black Desert Online SA,6654,1565,78.91%,80.96%
920,921.0,Outer Wilds,6652,440,90.76%,93.80%
921,922.0,Tribes: Ascend,6648,1717,77.53%,79.47%
922,923.0,A Bird Story,6643,1270,81.67%,83.95%
923,924.0,DYNASTY WARRIORS 8: Xtreme Legends Complete Edition,6641,1345,80.94%,83.16%
924,925.0,Loading Screen Simulator,6632,1017,84.22%,86.70%
925,926.0,Resident Evil Revelations,6620,1147,82.86%,85.23%
926,927.0,Stronghold Crusader 2,6587,3359,65.21%,66.23%
927,928.0,Endless Space,6579,1630,78.14%,80.14%
928,929.0,The Ultimate DOOM,6574,347,91.85%,94.99%
929,930.0,Beat Hazard,6572,347,91.84%,94.98%
930,931.0,Red Faction: Guerrilla Steam Edition,6571,692,87.69%,90.47%
931,932.0,This Is the Police,6570,1345,80.79%,83.01%
932,933.0,Half-Life: Blue Shift,6552,683,87.77%,90.56%
933,934.0,Dead Island Definitive Edition,6539,1902,75.66%,77.47%
934,935.0,Super Animal Royale,6529,224,93.40%,96.68%
935,936.0,War Selection,6501,928,84.94%,87.51%
936,937.0,The Lord of the Rings: War in the North,6499,1738,76.99%,78.90%
937,938.0,Aura Kingdom,6492,1707,77.24%,79.18%
938,939.0,Command and Conquer: Red Alert 3,6485,1170,82.36%,84.72%
939,940.0,Kingdom Rush,6468,234,93.23%,96.51%
940,941.0,Genital Jousting,6468,583,88.83%,91.73%
941,942.0,EVERSPACE™,6461,1600,78.14%,80.15%
942,943.0,CARRION,6460,514,89.66%,92.63%
943,944.0,House Party,6458,889,85.30%,87.90%
944,945.0,Gear Up,6439,2223,72.75%,74.34%
945,946.0,Wasteland 2,6437,1371,80.26%,82.44%
946,947.0,PAC-MAN Championship Edition DX+,6436,306,92.26%,95.46%
947,948.0,Hidden Folks,6427,220,93.39%,96.69%
948,949.0,Lucius,6425,1544,78.58%,80.62%
949,950.0,BioShock 2 Remastered,6412,4137,60.12%,60.78%
950,951.0,X4: Foundations,6401,2433,71.00%,72.46%
951,952.0,Avorion,6396,618,88.32%,91.19%
952,953.0,Secret Neighbor,6396,977,84.23%,86.75%
953,954.0,Unepic,6390,516,89.56%,92.53%
954,955.0,Synergy,6374,539,89.26%,92.20%
955,956.0,F.E.A.R. 3,6365,2413,71.05%,72.51%
956,957.0,Sniper Ghost Warrior 3,6357,3899,61.24%,61.98%
957,958.0,Football Manager 2017,6352,4549,57.77%,58.27%
958,959.0,FINAL FANTASY VIII,6349,796,86.17%,88.86%
959,960.0,Riders of Icarus,6334,3144,65.76%,66.83%
960,961.0,Anno 2070,6330,4160,59.71%,60.34%
961,962.0,Out There Somewhere,6326,462,90.16%,93.19%
962,963.0,Homefront,6315,4231,59.27%,59.88%
963,964.0,State of Decay: Year-One,6282,1641,77.32%,79.29%
964,965.0,Journey,6279,365,91.36%,94.51%
965,966.0,Pit People,6269,411,90.75%,93.85%
966,967.0,Lucy -The Eternity She Wished For-,6264,304,92.15%,95.37%
967,968.0,Children of Morta,6255,509,89.49%,92.47%
968,969.0,Supraland,6247,240,93.00%,96.30%
969,970.0,CS2D,6241,719,86.90%,89.67%
970,971.0,Kingdom: New Lands,6237,943,84.32%,86.87%
971,972.0,FAR: Lone Sails,6226,439,90.35%,93.41%
972,973.0,Furi,6216,629,87.95%,90.81%
973,974.0,Cossacks 3,6203,1686,76.71%,78.63%
974,975.0,Cube World,6193,9583,39.84%,39.26%
975,976.0,Sunless Sea,6184,1209,81.34%,83.65%
976,977.0,Estranged: Act I,6181,429,90.43%,93.51%
977,978.0,Monster Prom,6179,499,89.53%,92.53%
978,979.0,GRID Autosport,6172,1823,75.38%,77.20%
979,980.0,The Swapper,6161,334,91.67%,94.86%
980,981.0,Relic Hunters Zero,6158,380,91.05%,94.19%
981,982.0,Her Story,6149,701,86.98%,89.77%
982,983.0,Fable Anniversary,6142,1318,80.13%,82.33%
983,984.0,EARTH DEFENSE FORCE 4.1 The Shadow of New Despair,6126,348,91.45%,94.62%
984,985.0,Half-Life: Source,6112,1865,74.84%,76.62%
985,986.0,Minecraft: Story Mode - A Telltale Games Series,6108,1949,74.09%,75.81%
986,987.0,Need for Speed™ Heat,6096,1623,77.02%,78.97%
987,988.0,Radical Heights,6087,4061,59.36%,59.98%
988,989.0,SpongeBob SquarePants: Battle for Bikini Bottom - Rehydrated,6083,256,92.67%,95.96%
989,990.0,From The Depths,6079,670,87.25%,90.07%
990,991.0,SimplePlanes,6072,545,88.81%,91.76%
991,992.0,Cooking Simulator,6045,1298,80.11%,82.32%
992,993.0,Total War Saga: Thrones of Britannia,6044,3282,63.86%,64.81%
993,994.0,Long Live The Queen,6035,309,91.89%,95.13%
994,995.0,"Warhammer 40,000: Eternal Crusade",6023,6007,50.06%,50.07%
995,996.0,Next Day: Survival,6013,3476,62.52%,63.37%
996,997.0,Skul: The Hero Slayer,6007,525,88.98%,91.96%
997,998.0,Nidhogg,5986,747,86.17%,88.91%
998,999.0,Domina,5976,789,85.64%,88.34%
999,1000.0,LEGO® The Lord of the Rings™,5975,752,86.09%,88.82%
